__spiritual_bouquet_1	_type_of	__sympathy_card_1
__spiritual_bouquet_1	_synset_domain_topic	__church_of_rome_1
__absorption_5	_type_of	__attention_4
__absorption_5	_has_instance	__centering_1
__avenge_1	_type_of	__penalise_1
__avenge_1	_has_instance	__get_back_3
__chamaecyparis_lawsoniana_1	_member_holonym	__chamaecyparis_1
__cutter_3	_type_of	__boat_1
__solar_array_1	_part_of	__artificial_satellite_1
__solar_array_1	_has_part	__photovoltaic_cell_1
__sway_2	_type_of	__move_back_and_forth_1
__sway_2	_has_instance	__oscillate_2
__issuance_1	_type_of	__provision_3
__hygrophorus_inocybiformis_1	_type_of	__waxycap_1
__hygrophorus_inocybiformis_1	_member_holonym	__genus_hygrophorus_1
__literary_critic_1	_type_of	__critic_1
__literary_critic_1	_has_instance	__ciardi_1
__literary_critic_1	_has_instance	__h__l__mencken_1
__literary_critic_1	_has_instance	__i__a__richards_1
__literary_critic_1	_has_instance	__sir_stephen_harold_spender_1
__literary_critic_1	_has_instance	__carl_clinton_van_doren_1
__genus_xylomelum_1	_member_holonym	__family_proteaceae_1
__genus_xylomelum_1	_member_meronym	__native_pear_1
__house_of_god_1	_type_of	__building_1
__house_of_god_1	_has_instance	__chapel_1
__house_of_god_1	_has_instance	__masjid_1
__house_of_god_1	_has_instance	__mosque_1
__house_of_god_1	_has_instance	__shrine_2
__house_of_god_1	_has_instance	__synagogue_1
__american_arborvitae_1	_type_of	__arborvitae_1
__american_arborvitae_1	_member_holonym	__genus_thuja_1
__house_of_representatives_1	_type_of	__house_4
__house_of_representatives_1	_member_holonym	__congress_1
__freelance_1	_similar_to	__paid_1
__attalea_funifera_1	_type_of	__feather_palm_1
__attalea_funifera_1	_member_holonym	__attalea_1
__attalea_funifera_1	_has_part	__coquilla_nut_1
__roof_3	_part_of	__auto_1
__roof_3	_part_of	__autobus_1
__roof_3	_part_of	__motortruck_1
__roof_3	_has_instance	__hood_4
__sombrero_1	_subordinate_instance_of	__island_1
__sombrero_1	_part_of	__federation_of_saint_kitts_and_nevis_1
__irrigation_2	_has_instance	__clyster_1
__house_3	_type_of	__abode_1
__house_3	_has_instance	__cabin_2
__house_3	_has_instance	__chapterhouse_1
__house_3	_has_instance	__duplex_1
__house_3	_has_instance	__lodging_house_1
__house_3	_has_part	__attic_1
__house_3	_has_instance	__maisonette_2
__house_3	_has_instance	__hall_10
__house_3	_has_part	__porch_1
__house_3	_has_instance	__residence_2
__house_3	_has_instance	__row_house_1
__house_3	_has_instance	__safe_house_1
__house_3	_has_instance	__stash_house_1
__house_3	_has_instance	__villa_2
__innovate_1	_type_of	__initiate_2
__innovate_1	_has_instance	__debut_1
__corticospinal_tract_1	_part_of	__central_nervous_system_1
__corticospinal_tract_1	_has_part	__basal_ganglion_1
__ski_run_1	_type_of	__trail_6
__ski_run_1	_has_instance	__piste_1
__back_pack_1	_type_of	__bag_1
__batoko_palm_1	_type_of	__bush_1
__batoko_palm_1	_member_holonym	__flacourtia_1
__family_graminaceae_1	_type_of	__liliopsid_family_1
__family_graminaceae_1	_member_meronym	__aegilops_1
__family_graminaceae_1	_member_meronym	__agropyron_1
__family_graminaceae_1	_member_meronym	__agrostis_1
__family_graminaceae_1	_member_meronym	__andropogon_1
__family_graminaceae_1	_member_meronym	__bouteloua_1
__family_graminaceae_1	_member_meronym	__buchloe_1
__family_graminaceae_1	_member_meronym	__cenchrus_1
__family_graminaceae_1	_member_meronym	__chloris_1
__family_graminaceae_1	_member_meronym	__dactylis_1
__family_graminaceae_1	_member_meronym	__dactyloctenium_1
__family_graminaceae_1	_member_meronym	__eleusine_1
__family_graminaceae_1	_member_meronym	__eragrostis_1
__family_graminaceae_1	_member_meronym	__genus_holcus_1
__family_graminaceae_1	_member_meronym	__genus_leymus_1
__family_graminaceae_1	_member_meronym	__genus_lolium_1
__family_graminaceae_1	_member_meronym	__genus_muhlenbergia_1
__family_graminaceae_1	_member_meronym	__genus_oryza_1
__family_graminaceae_1	_member_meronym	__genus_paspalum_1
__family_graminaceae_1	_member_meronym	__genus_phalaris_1
__family_graminaceae_1	_member_meronym	__genus_phleum_1
__family_graminaceae_1	_member_meronym	__genus_phragmites_1
__family_graminaceae_1	_member_meronym	__genus_poa_1
__family_graminaceae_1	_member_meronym	__genus_saccharum_1
__family_graminaceae_1	_member_meronym	__genus_schizachyrium_1
__family_graminaceae_1	_member_meronym	__genus_secale_1
__family_graminaceae_1	_member_meronym	__genus_setaria_1
__family_graminaceae_1	_member_meronym	__genus_spartina_1
__family_graminaceae_1	_member_meronym	__genus_stenotaphrum_1
__family_graminaceae_1	_member_meronym	__genus_triticum_1
__family_graminaceae_1	_member_meronym	__genus_zizania_1
__osage_2	_subordinate_instance_of	__river_1
__osage_2	_part_of	__missouri_1
__bobolink_1	_type_of	__american_oriole_1
__bobolink_1	_member_holonym	__dolichonyx_1
__genus_rosellinia_1	_type_of	__fungus_genus_1
__genus_rosellinia_1	_member_holonym	__family_xylariaceae_1
__balaenoptera_borealis_1	_type_of	__razorback_1
__balaenoptera_borealis_1	_member_holonym	__balaenoptera_1
__aplectrum_1	_type_of	__liliopsid_genus_1
__aplectrum_1	_member_meronym	__adam_and_eve_1
__arouse_2	_type_of	__create_1
__arouse_2	_has_instance	__bless_1
__cilioflagellata_1	_member_holonym	__class_flagellata_1
__cilioflagellata_1	_member_meronym	__dinoflagellate_1
__curve_1	_type_of	__turn_1
__curve_1	_has_instance	__peel_off_2
__genus_lagothrix_1	_type_of	__mammal_genus_1
__genus_lagothrix_1	_member_holonym	__cebidae_1
__genus_lagothrix_1	_member_meronym	__woolly_monkey_1
__all_saints__day_1	_type_of	__holy_day_of_obligation_1
__all_saints__day_1	_part_of	__nov_1
__phobia_1	_type_of	__anxiety_disorder_1
__phobia_1	_has_instance	__simple_phobia_1
__gauge_3	_type_of	__blend_3
__al_hasan_ibn_al_haytham_1	_subordinate_instance_of	__mathematician_1
__al_hasan_ibn_al_haytham_1	_subordinate_instance_of	__astronomer_1
__horseflesh_1	_type_of	__meat_1
__horseflesh_1	_part_of	__equus_caballus_1
__genus_salmo_1	_member_holonym	__family_salmonidae_1
__genus_salmo_1	_member_meronym	__atlantic_salmon_1
__genus_salmo_1	_member_meronym	__rainbow_trout_1
__grogginess_1	_type_of	__drunkenness_1
__blinker_2	_type_of	__visual_signal_1
__blinker_2	_part_of	__electrical_system_2
__capital_of_mozambique_1	_subordinate_instance_of	__national_capital_1
__capital_of_mozambique_1	_part_of	__mocambique_1
__akee_1	_member_holonym	__blighia_1
__akee_1	_has_part	__ackee_1
__adumbrate_1	_type_of	__depict_1
__adumbrate_1	_has_instance	__block_out_2
__beacon_2	_type_of	__tower_2
__beacon_2	_has_instance	__tower_of_pharos_1
__alteration_1	_has_instance	__acceleration_1
__alteration_1	_has_instance	__break_33
__alteration_1	_has_instance	__sublimation_2
__alteration_1	_has_instance	__surprise_5
__alteration_1	_has_instance	__birth_3
__alteration_1	_has_instance	__breakup_2
__alteration_1	_has_instance	__death_1
__alteration_1	_has_instance	__decrease_3
__alteration_1	_has_instance	__destabilization_1
__alteration_1	_has_instance	__increase_4
__alteration_1	_has_instance	__deformation_2
__alteration_1	_has_instance	__transition_5
__alteration_1	_has_instance	__shift_14
__alteration_1	_has_instance	__damage_2
__alteration_1	_has_instance	__revolution_1
__alteration_1	_has_instance	__chromosomal_mutation_1
__alteration_1	_has_instance	__loss_of_consciousness_1
__naucrates_ductor_1	_type_of	__carangid_1
__naucrates_ductor_1	_member_holonym	__genus_naucrates_1
__family_strombidae_1	_type_of	__mollusk_family_1
__family_strombidae_1	_member_holonym	__class_gasteropoda_1
__family_strombidae_1	_member_meronym	__genus_lambis_1
__family_strombidae_1	_member_meronym	__genus_strombus_1
__dulcet_1	_similar_to	__melodic_1
__arctic_skua_1	_type_of	__jaeger_1
__arctic_skua_1	_member_holonym	__genus_stercorarius_1
__genus_melampodium_1	_type_of	__asterid_dicot_genus_1
__genus_melampodium_1	_member_holonym	__aster_family_1
__genus_melampodium_1	_member_meronym	__blackfoot_daisy_1
__scire_facias_1	_type_of	__judicial_writ_1
__scire_facias_1	_synset_domain_topic	__jurisprudence_2
__batholite_1	_has_instance	__granite_1
__cineraria_1	_type_of	__flower_2
__cineraria_1	_member_holonym	__genus_pericallis_1
__bleeding_1	_has_instance	__haemorrhagic_stroke_1
__bleeding_1	_has_instance	__cerebral_hemorrhage_1
__bleeding_1	_has_instance	__blood_extravasation_1
__tincture_3	_type_of	__color_9
__tincture_3	_has_instance	__argent_1
__bassia_scoparia_1	_type_of	__bush_1
__bassia_scoparia_1	_member_holonym	__bassia_1
__turki_1	_has_instance	__turk_1
__turki_1	_has_instance	__kazak_1
__turki_1	_has_instance	__uighur_1
__consume_2	_type_of	__drop_9
__consume_2	_has_instance	__drain_2
__consume_2	_has_instance	__indulge_2
__consume_2	_has_instance	__burn_7
__consume_2	_has_instance	__spend_3
__dominate_1	_has_instance	__redound_1
__esophagus_1	_type_of	__muscle_system_1
__canis_familiaris_1	_type_of	__canid_1
__canis_familiaris_1	_member_holonym	__pack_18
__canis_familiaris_1	_has_instance	__puppy_1
__canis_familiaris_1	_has_instance	__cur_1
__canis_familiaris_1	_has_instance	__toy_7
__canis_familiaris_1	_has_part	__flag_7
__genus_rhododendron_1	_type_of	__dilleniid_dicot_genus_1
__genus_rhododendron_1	_member_holonym	__ericaceae_1
__genus_rhododendron_1	_member_meronym	__azaleastrum_1
__artichoke_1	_type_of	__vegetable_1
__artichoke_1	_has_part	__artichoke_heart_1
__demythologisation_1	_type_of	__restatement_1
__demythologisation_1	_synset_domain_topic	__faith_1
__order_rodentia_1	_member_meronym	__gnawer_1
__order_rodentia_1	_member_meronym	__myomorpha_1
__order_rodentia_1	_member_meronym	__hystricomorpha_1
__order_rodentia_1	_member_meronym	__sciuromorpha_1
__order_rodentia_1	_member_meronym	__naked_mole_rat_1
__contestee_1	_type_of	__victor_2
__contestee_1	_synset_domain_topic	__election_1
__fish_eagle_1	_member_holonym	__genus_pandion_1
__cherry_laurel_2	_type_of	__angiospermous_tree_1
__cherry_laurel_2	_member_holonym	__genus_prunus_1
__resistance_7	_synset_domain_topic	__bacteria_1
__bratislava_1	_subordinate_instance_of	__capital_3
__bratislava_1	_part_of	__slovak_republic_1
__hydroid_1	_member_holonym	__class_hydrozoa_1
__hydroid_1	_has_instance	__hydra_3
__hydroid_1	_has_instance	__siphonophore_1
__hydroid_1	_has_instance	__sertularian_1
__pandanus_2	_type_of	__tree_5
__pandanus_2	_member_holonym	__genus_pandanus_1
__pace_7	_type_of	__step_12
__pace_7	_part_of	__walk_11
__midwifery_1	_domain_region	__induction_of_labor_1
__midwifery_1	_domain_region	__presentation_7
__midwifery_1	_domain_region	__incompetent_cervix_1
__midwifery_1	_domain_region	__nullipara_1
__midwifery_1	_domain_region	__gravida_i_1
__midwifery_1	_domain_region	__para_i_1
__midwifery_1	_domain_region	__quadripara_1
__midwifery_1	_domain_region	__quintipara_1
__affiliate_1	_type_of	__interact_1
__felis_1	_member_meronym	__wildcat_3
__felis_1	_member_meronym	__catamountain_1
__felis_1	_member_meronym	__felis_pardalis_1
__felis_1	_member_meronym	__eyra_1
__felis_1	_member_meronym	__caffer_cat_1
__felis_1	_member_meronym	__felis_chaus_1
__felis_1	_member_meronym	__felis_serval_1
__felis_1	_member_meronym	__felis_bengalensis_1
__felis_1	_member_meronym	__felis_tigrina_1
__felis_1	_member_meronym	__felis_wiedi_1
__felis_1	_member_meronym	__felis_manul_1
__coregonus_1	_type_of	__fish_genus_1
__coregonus_1	_member_holonym	__coregonidae_1
__coregonus_1	_member_meronym	__coregonus_clupeaformis_1
__experience_3	_has_instance	__recapture_1
__experience_3	_has_instance	__entertain_1
__experience_3	_has_instance	__chafe_1
__experience_3	_has_instance	__fume_1
__experience_3	_has_instance	__burn_2
__panel_5	_type_of	__body_4
__panel_5	_synset_domain_topic	__jurisprudence_2
__genus_nimravus_1	_type_of	__mammal_genus_1
__genus_nimravus_1	_member_holonym	__family_felidae_1
__prehistoric_culture_1	_has_part	__iron_age_1
__prehistoric_culture_1	_has_part	__stone_age_1
__prehistoric_culture_1	_has_part	__glacial_epoch_1
__reflection_8	_type_of	__physical_property_1
__reflection_8	_has_instance	__echo_3
__genus_hippobosca_1	_type_of	__arthropod_genus_1
__modeling_2	_type_of	__carving_2
__asperse_1	_has_instance	__assassinate_1
__dendroica_petechia_1	_type_of	__new_world_warbler_1
__dendroica_petechia_1	_member_holonym	__dendroica_1
__enclose_1	_type_of	__cover_1
__enclose_1	_has_instance	__capsulate_1
__enclose_1	_has_instance	__cover_7
__american_revolution_1	_has_part	__battle_of_bunker_hill_1
__american_revolution_1	_has_part	__battle_of_cowpens_1
__american_revolution_1	_has_part	__fort_ticonderoga_1
__american_revolution_1	_has_part	__concord_10
__american_revolution_1	_has_part	__battle_of_saratoga_1
__block_anaesthesia_1	_type_of	__anaesthesia_1
__campaigning_1	_type_of	__campaign_3
__campaigning_1	_has_part	__whistle_stop_tour_1
__campaigning_1	_has_instance	__whispering_campaign_1
__genus_deinocheirus_1	_type_of	__reptile_genus_1
__genus_deinocheirus_1	_member_holonym	__ornithomimida_1
__genus_peripatopsis_1	_type_of	__arthropod_genus_1
__genus_peripatopsis_1	_member_holonym	__family_peripatopsidae_1
__reach_9	_type_of	__drive_7
__cape_york_peninsula_1	_subordinate_instance_of	__peninsula_1
__cape_york_peninsula_1	_part_of	__queensland_1
__cape_york_peninsula_1	_part_of	__australia_1
__cape_york_peninsula_1	_has_part	__cape_york_1
__plethodon_vehiculum_1	_type_of	__salamander_1
__plethodon_vehiculum_1	_member_holonym	__genus_plethodon_1
__blistering_agent_1	_type_of	__poison_gas_1
__blistering_agent_1	_type_of	__vesicant_1
__flesh_3	_type_of	__plant_tissue_1
__jest_4	_type_of	__diversion_1
__absence_without_leave_1	_type_of	__abandonment_2
__absence_without_leave_1	_synset_domain_topic	__armed_forces_1
__explanation_2	_type_of	__cerebration_1
__explanation_2	_has_instance	__interpretation_4
__explanation_2	_has_instance	__principle_6
__explanation_2	_has_part	__base_5
__explanation_2	_has_instance	__rationalisation_2
__explanation_2	_has_instance	__theory_1
__smart_card_1	_type_of	__charge_account_credit_1
__smart_card_1	_type_of	__positive_identification_1
__unrefined_2	_similar_to	__artless_2
__unrefined_2	_similar_to	__robust_1
__suburb_1	_type_of	__community_4
__suburb_1	_part_of	__fringe_4
__suburb_1	_has_instance	__stockbroker_belt_1
__suburb_1	_has_instance	__clichy_1
__suburb_1	_has_instance	__orly_1
__suburb_1	_has_instance	__sun_city_1
__baggage_1	_has_part	__strap_5
__badminton_racket_1	_type_of	__racket_7
__badminton_racket_1	_synset_domain_topic	__badminton_1
__bull_pine_1	_type_of	__yellow_pine_1
__old_world_porcupine_1	_type_of	__hedgehog_1
__old_world_porcupine_1	_member_holonym	__family_hystricidae_1
__old_world_porcupine_1	_has_instance	__brush_tail_porcupine_1
__old_world_porcupine_1	_has_instance	__long_tailed_porcupine_1
__yunnan_1	_subordinate_instance_of	__province_1
__yunnan_1	_part_of	__china_1
__selfishness_1	_type_of	__stinginess_1
__selfishness_1	_has_instance	__greediness_1
__selfishness_1	_has_instance	__expedience_1
__atlantic_1	_domain_topic	__battle_of_trafalgar_1
__atlantic_1	_has_part	__bermuda_1
__atlantic_1	_has_instance	__bermuda_triangle_1
__atlantic_1	_has_part	__falkland_islands_1
__atlantic_1	_has_part	__greenland_1
__atlantic_1	_has_part	__newfoundland_2
__atlantic_1	_has_part	__faeroe_islands_1
__atlantic_1	_has_part	__orkney_islands_1
__atlantic_1	_has_part	__shetland_1
__atlantic_1	_has_part	__tenerife_1
__atlantic_1	_has_part	__antarctic_ocean_1
__atlantic_1	_has_part	__bay_of_biscay_1
__atlantic_1	_has_part	__bay_of_fundy_1
__atlantic_1	_has_part	__buzzards_bay_1
__atlantic_1	_has_part	__chesapeake_bay_1
__atlantic_1	_has_part	__english_channel_1
__atlantic_1	_has_part	__galway_bay_1
__atlantic_1	_has_part	__gulf_of_guinea_1
__atlantic_1	_has_part	__golfo_de_mexico_1
__atlantic_1	_has_part	__gulf_of_saint_lawrence_1
__atlantic_1	_has_part	__labrador_sea_1
__atlantic_1	_has_part	__mid_atlantic_ridge_1
__atlantic_1	_has_part	__new_york_bay_1
__atlantic_1	_has_part	__north_atlantic_1
__atlantic_1	_has_part	__norwegian_sea_1
__atlantic_1	_has_part	__penobscot_bay_1
__atlantic_1	_has_part	__sargasso_sea_1
__atlantic_1	_has_part	__south_atlantic_1
__atlantic_1	_has_part	__windward_passage_1
__neencephalon_1	_type_of	__neural_structure_1
__neencephalon_1	_part_of	__brain_1
__distort_2	_type_of	__change_form_1
__distort_2	_has_instance	__contort_1
__distort_2	_has_instance	__entangle_1
__distort_2	_has_instance	__enlace_1
__distort_2	_has_instance	__interweave_1
__bahrain_1	_subordinate_instance_of	__island_1
__bahrain_1	_part_of	__arabian_gulf_1
__dutch_florin_1	_type_of	__dutch_monetary_unit_1
__dutch_florin_1	_has_part	__cent_1
__calamus_3	_type_of	__rib_7
__calamus_3	_part_of	__feather_4
__rat_terrier_1	_type_of	__terrier_1
__paseo_1	_type_of	__path_2
__paseo_1	_has_instance	__flagging_1
__paseo_1	_has_instance	__pavement_3
__midgard_1	_type_of	__fictitious_place_1
__midgard_1	_synset_domain_topic	__norse_mythology_1
__giant_clam_1	_type_of	__clam_1
__giant_clam_1	_member_holonym	__genus_tridacna_1
__m_1	_type_of	__metric_linear_unit_1
__m_1	_has_part	__decimeter_1
__beak_3	_type_of	__nose_6
__fragrant_orchid_1	_type_of	__orchid_1
__fragrant_orchid_1	_member_holonym	__genus_gymnadenia_1
__dark_red_1	_type_of	__red_1
__dark_red_1	_has_instance	__claret_1
__euphractus_1	_type_of	__mammal_genus_1
__euphractus_1	_member_meronym	__euphractus_sexcinctus_1
__check_1	_has_instance	__follow_12
__chaulmoogra_1	_type_of	__tree_5
__chaulmoogra_1	_member_holonym	__genus_hydnocarpus_1
__beat_15	_type_of	__musical_time_1
__beat_15	_has_instance	__backbeat_1
__verruca_1	_type_of	__blemish_2
__verruca_1	_type_of	__keratosis_1
__verruca_1	_has_instance	__condyloma_acuminatum_1
__incumbency_1	_type_of	__term_3
__nagasaki_1	_subordinate_instance_of	__city_1
__nagasaki_1	_subordinate_instance_of	__port_5
__nagasaki_1	_part_of	__japan_2
__sevilla_1	_subordinate_instance_of	__port_5
__order_14	_has_instance	__spit_and_polish_1
__order_14	_has_instance	__tidiness_1
__al_muhajiroun_1	_subordinate_instance_of	__foreign_terrorist_organization_1
__arras_1	_type_of	__hanging_1
__aethusa_1	_member_meronym	__aethusa_cynapium_1
__genus_rhipsalis_1	_member_holonym	__cactaceae_1
__genus_rhipsalis_1	_member_meronym	__mistletoe_cactus_1
__corkscrew_flower_1	_type_of	__legume_1
__corkscrew_flower_1	_member_holonym	__genus_vigna_1
__cut_20	_type_of	__decrease_2
__genus_planera_1	_type_of	__dicot_genus_1
__genus_planera_1	_member_holonym	__elm_family_1
__limicolae_1	_type_of	__animal_order_1
__limicolae_1	_member_holonym	__charadriiformes_1
__nightclothes_1	_type_of	__article_of_clothing_1
__nightclothes_1	_has_instance	__gown_2
__radiogram_2	_type_of	__exposure_7
__episcopal_church_2	_type_of	__anglican_church_1
__episcopal_church_2	_member_meronym	__episcopalian_1
__episcopal_church_2	_domain_region	__vicar_2
__dalbergia_sissoo_1	_type_of	__tree_5
__dalbergia_sissoo_1	_member_holonym	__dalbergia_1
__regression_2	_type_of	__defence_1
__regression_2	_synset_domain_topic	__psychiatry_1
__parthian_1	_type_of	__asian_1
__parthian_1	_member_holonym	__parthia_1
__table_3	_has_instance	__booth_1
__table_3	_has_instance	__conference_table_1
__table_3	_has_instance	__counter_3
__table_3	_has_instance	__desk_1
__table_3	_has_part	__leg_3
__table_3	_has_instance	__billiard_table_1
__table_3	_has_instance	__king_arthur_s_round_table_1
__table_3	_has_part	__tabletop_1
__table_3	_has_part	__tableware_1
__table_3	_has_instance	__work_table_1
__table_2	_has_instance	__contents_1
__table_2	_member_meronym	__row_5
__table_2	_member_meronym	__column_3
__act_involuntarily_1	_type_of	__act_1
__act_involuntarily_1	_has_instance	__salivate_1
__military_mission_1	_type_of	__military_operation_1
__military_mission_1	_synset_domain_topic	__armed_forces_1
__phase_3	_type_of	__period_1
__phase_3	_has_instance	__diplotene_1
__phase_3	_has_instance	__phase_of_cell_division_1
__phase_3	_has_instance	__zygotene_1
__phase_3	_has_instance	__anal_phase_1
__phase_3	_has_instance	__genital_phase_1
__phase_3	_has_instance	__oral_phase_1
__phase_3	_has_instance	__fertile_period_1
__phase_3	_has_instance	__menstrual_phase_1
__phase_3	_has_instance	__luteal_phase_1
__phase_3	_has_instance	__safe_period_1
__brama_raii_1	_type_of	__bream_1
__brama_raii_1	_member_holonym	__brama_1
__diaper_1	_type_of	__garment_2
__fork_1	_type_of	__lift_2
__crack_shot_1	_type_of	__shooter_2
__crack_shot_1	_has_instance	__deadeye_1
__crack_shot_1	_has_instance	__franc_tireur_1
__embiodea_1	_member_holonym	__class_hexapoda_1
__embiodea_1	_member_meronym	__web_spinner_1
__ceylon_gooseberry_1	_has_part	__ketembilla_2
__proffer_2	_has_instance	__ghost_3
__indic_1	_type_of	__indo_iranian_1
__indic_1	_has_instance	__sanskrit_1
__haste_2	_has_instance	__bolt_5
__annona_cherimola_1	_type_of	__custard_apple_1
__annona_cherimola_1	_has_part	__cherimolla_1
__genus_gymnorhina_1	_type_of	__bird_genus_1
__genus_gymnorhina_1	_member_meronym	__gymnorhina_tibicen_1
__pliability_2	_type_of	__adaptability_1
__genus_oreortyx_1	_type_of	__bird_genus_1
__genus_oreortyx_1	_member_meronym	__mountain_partridge_1
__fetor_1	_type_of	__odor_2
__fetor_1	_has_instance	__niff_1
__extort_2	_type_of	__fleece_1
__cephalopterus_1	_member_holonym	__cotingidae_1
__cephalopterus_1	_member_meronym	__cephalopterus_ornatus_1
__arethusa_bulbosa_1	_type_of	__arethusa_1
__arethusa_bulbosa_1	_member_holonym	__genus_arethusa_1
__cape_fear_1	_subordinate_instance_of	__cape_1
__cape_fear_1	_part_of	__nc_1
__formulation_1	_type_of	__chemical_compound_1
__formulation_1	_has_instance	__cleaner_1
__formulation_1	_has_instance	__polish_6
__conjugate_6	_similar_to	__bound_9
__conjugate_6	_synset_domain_topic	__chemical_science_1
__clean_out_1	_type_of	__can_2
__cape_periwinkle_1	_type_of	__herb_1
__cape_periwinkle_1	_member_holonym	__catharanthus_1
__endogenetic_1	_synset_domain_topic	__geology_1
__exhibition_2	_type_of	__accumulation_2
__exhibition_2	_has_instance	__peepshow_1
__loosen_up_5	_type_of	__affect_1
__line_10	_part_of	__stanza_1
__line_10	_part_of	__letter_3
__line_10	_has_instance	__line_of_poetry_1
__line_10	_has_instance	__by_line_1
__line_10	_has_instance	__dateline_3
__line_10	_has_instance	__verse_5
__line_10	_has_instance	__gag_line_1
__line_10	_has_instance	__actor_s_line_1
__eliminate_2	_has_instance	__close_out_1
__cloudiness_1	_has_instance	__haziness_1
__essay_3	_type_of	__piece_of_writing_1
__essay_3	_has_instance	__composition_2
__inventory_item_1	_type_of	__item_1
__inventory_item_1	_part_of	__inventory_2
__la_spezia_1	_subordinate_instance_of	__city_1
__la_spezia_1	_subordinate_instance_of	__port_5
__la_spezia_1	_part_of	__liguria_1
__american_ivy_1	_type_of	__vine_1
__retreat_7	_type_of	__sign_11
__izmir_1	_subordinate_instance_of	__city_1
__izmir_1	_subordinate_instance_of	__port_5
__izmir_1	_part_of	__republic_of_turkey_1
__crested_2	_similar_to	__adorned_1
__crested_2	_synset_domain_topic	__animal_1
__scissor_grip_1	_type_of	__wrestling_hold_1
__brain_1	_type_of	__neural_structure_1
__brain_1	_part_of	__central_nervous_system_1
__brain_1	_has_part	__circle_of_willis_1
__brain_1	_has_part	__arteria_communicans_1
__brain_1	_has_part	__brain_cell_1
__brain_1	_has_part	__neencephalon_1
__brain_1	_has_part	__mesencephalon_1
__brain_1	_has_part	__hindbrain_1
__brain_1	_has_part	__brain_stem_1
__brain_1	_has_part	__ventricle_1
__battercake_1	_type_of	__cake_2
__battercake_1	_has_instance	__blintz_1
__module_4	_type_of	__component_3
__module_4	_part_of	__system_2
__module_4	_has_instance	__cartridge_1
__saint_john_2	_subordinate_instance_of	__river_1
__saint_john_2	_part_of	__new_brunswick_2
__cytologic_smear_1	_has_instance	__cervical_smear_1
__radio_frequency_spectrum_1	_type_of	__spectrum_1
__brunhild_1	_subordinate_instance_of	__valkyrie_1
__brunhild_1	_synset_domain_topic	__mythology_1
__epipactis_1	_type_of	__liliopsid_genus_1
__epipactis_1	_member_holonym	__family_orchidaceae_1
__epipactis_1	_member_meronym	__helleborine_2
__epipactis_1	_member_meronym	__epipactis_helleborine_1
__epipactis_1	_member_meronym	__chatterbox_1
__gleditsia_triacanthos_1	_type_of	__locust_2
__gleditsia_triacanthos_1	_member_holonym	__genus_gleditsia_1
__i__a__richards_1	_subordinate_instance_of	__literary_critic_1
__i__a__richards_1	_subordinate_instance_of	__semanticist_1
__cycloloma_1	_type_of	__caryophylloid_dicot_genus_1
__cycloloma_1	_member_holonym	__chenopodiaceae_1
__cycloloma_1	_member_meronym	__cycloloma_atriplicifolium_1
__moro_islamic_liberation_front_1	_subordinate_instance_of	__foreign_terrorist_organization_1
__moro_islamic_liberation_front_1	_synset_domain_topic	__act_of_terrorism_1
__acacia_farnesiana_1	_type_of	__acacia_1
__contraction_1	_type_of	__shortening_2
__contraction_1	_has_instance	__uterine_contraction_1
__cocteau_1	_subordinate_instance_of	__author_1
__cocteau_1	_subordinate_instance_of	__film_maker_1
__abruzzi_1	_part_of	__italia_1
__abruzzi_1	_has_part	__aquila_2
__functional_calculus_1	_type_of	__formal_logic_1
__functional_calculus_1	_has_part	__quantification_1
__hippoboscid_1	_type_of	__dipteran_1
__hippoboscid_1	_has_instance	__hippobosca_equina_1
__hippoboscid_1	_has_instance	__melophagus_ovinus_1
__death_6	_type_of	__end_6
__death_6	_part_of	__life_5
__bloodsucker_1	_type_of	__annelid_1
__bloodsucker_1	_has_instance	__hirudo_medicinalis_1
__shin_5	_type_of	__leg_bone_1
__shin_5	_part_of	__leg_1
__botany_2	_domain_region	__basal_1
__botany_2	_domain_region	__brachiate_1
__botany_2	_domain_region	__comate_1
__botany_2	_domain_region	__biennial_1
__botany_2	_domain_region	__determinate_2
__botany_2	_domain_region	__cymose_1
__botany_2	_domain_region	__indeterminate_2
__botany_2	_domain_region	__racemose_1
__botany_2	_domain_region	__dextrorsal_1
__botany_2	_domain_region	__sinistrorsal_1
__botany_2	_domain_region	__precocious_2
__botany_2	_domain_region	__autogamic_1
__botany_2	_domain_region	__fastigiate_1
__botany_2	_domain_region	__aerial_2
__botany_2	_domain_region	__antheral_1
__botany_2	_domain_region	__pistillate_2
__botany_2	_domain_region	__capsulate_1
__botany_2	_domain_region	__alternate_4
__botany_2	_domain_region	__ariled_1
__botany_2	_domain_region	__foliate_5
__botany_2	_domain_region	__foliolate_1
__botany_2	_domain_region	__aphyllous_1
__botany_2	_domain_region	__scapose_1
__botany_2	_domain_region	__bilabiate_1
__botany_2	_domain_region	__cancellate_1
__botany_2	_domain_region	__terete_1
__botany_2	_domain_region	__torulose_1
__botany_2	_domain_region	__simple_8
__botany_2	_domain_region	__compound_8
__botany_2	_domain_region	__aggregate_5
__botany_2	_domain_region	__bullate_1
__botany_2	_domain_region	__imbricate_2
__botany_2	_domain_region	__squamulose_1
__botany_2	_domain_region	__rugose_1
__botany_2	_domain_region	__smooth_7
__botany_2	_domain_region	__rough_10
__botany_2	_domain_region	__involute_1
__botany_2	_domain_region	__bifid_1
__botany_2	_domain_region	__pentamerous_1
__botany_2	_domain_region	__trifid_1
__botany_2	_domain_region	__assurgent_2
__botany_2	_domain_region	__ligneous_1
__botany_2	_domain_region	__alar_1
__botany_2	_domain_region	__etiolation_3
__botany_2	_has_instance	__palaeobotany_1
__botany_2	_domain_region	__dissilience_1
__botany_2	_domain_region	__aestivation_1
__botany_2	_domain_region	__division_9
__botany_2	_domain_region	__venation_1
__botany_2	_domain_region	__vernation_1
__botany_2	_domain_region	__scurf_1
__botany_2	_domain_region	__natural_scientist_1
__botany_2	_domain_region	__germ_tube_1
__botany_2	_domain_region	__pollen_tube_1
__botany_2	_domain_region	__peristome_1
__botany_2	_domain_region	__embryo_1
__botany_2	_domain_region	__corolla_1
__botany_2	_domain_region	__papilla_1
__botany_2	_domain_region	__apophysis_1
__botany_2	_domain_region	__bast_2
__botany_2	_domain_region	__root_8
__botany_2	_domain_region	__taproot_1
__botany_2	_domain_region	__spike_10
__botany_2	_domain_region	__lobe_2
__botany_2	_domain_region	__ligule_1
__botany_2	_domain_region	__cohesion_2
__botany_2	_domain_region	__foliation_1
__botany_2	_domain_region	__parthenocarpy_1
__botany_2	_domain_region	__suppression_1
__botany_2	_domain_region	__growth_regulator_1
__botany_2	_domain_region	__cork_2
__botany_2	_domain_region	__sporulate_2
__botany_2	_domain_region	__sporulate_1
__biliousness_1	_type_of	__ill_nature_1
__theorisation_1	_type_of	__conjecture_4
__theorisation_1	_has_instance	__abstraction_2
__blindness_1	_type_of	__vision_defect_1
__alter_1	_type_of	__edit_1
__feast_of_the_unleavened_bread_1	_type_of	__movable_feast_1
__nemertean_1	_type_of	__worm_2
__nemertean_1	_member_holonym	__nemertea_1
__abandon_5	_has_instance	__ditch_1
__abandon_5	_has_instance	__maroon_1
__child_1	_type_of	__juvenile_1
__child_1	_has_part	__child_s_body_1
__child_1	_has_instance	__bairn_1
__child_1	_has_instance	__buster_1
__child_1	_has_instance	__changeling_1
__child_1	_has_instance	__child_prodigy_1
__child_1	_has_instance	__foster_child_1
__child_1	_has_instance	__imp_2
__child_1	_has_instance	__picaninny_1
__child_1	_has_instance	__sprog_2
__child_1	_has_instance	__urchin_1
__batten_1	_type_of	__beef_up_1
__togaviridae_1	_type_of	__arborvirus_1
__togaviridae_1	_member_holonym	__family_6
__parsnip_2	_member_holonym	__genus_pastinaca_1
__parsnip_2	_has_instance	__madnep_1
__clear_7	_type_of	__clarify_1
__genus_lonicera_1	_type_of	__asterid_dicot_genus_1
__genus_lonicera_1	_member_holonym	__caprifoliaceae_1
__genus_lonicera_1	_member_meronym	__honeysuckle_1
__genus_lonicera_1	_member_meronym	__lonicera_albiflora_1
__genus_lonicera_1	_member_meronym	__american_fly_honeysuckle_1
__genus_lonicera_1	_member_meronym	__lonicera_dioica_1
__genus_lonicera_1	_member_meronym	__lonicera_flava_1
__genus_lonicera_1	_member_meronym	__hairy_honeysuckle_1
__genus_lonicera_1	_member_meronym	__lonicera_involucrata_1
__genus_lonicera_1	_member_meronym	__japanese_honeysuckle_1
__genus_lonicera_1	_member_meronym	__hall_s_honeysuckle_1
__genus_lonicera_1	_member_meronym	__lonicera_periclymenum_1
__genus_lonicera_1	_member_meronym	__coral_honeysuckle_1
__genus_lonicera_1	_member_meronym	__bush_honeysuckle_1
__genus_lonicera_1	_member_meronym	__european_fly_honeysuckle_1
__automatic_1	_type_of	__automatic_firearm_1
__automatic_1	_type_of	__machine_gun_2
__automatic_1	_has_instance	__assault_gun_1
__automatic_1	_has_instance	__bar_5
__california_fuchsia_1	_member_holonym	__epilobium_1
__alluvial_deposit_1	_type_of	__deposit_4
__red_light_1	_type_of	__visual_signal_1
__red_light_1	_has_instance	__idiot_light_1
__hagiographa_1	_part_of	__hebrew_scripture_1
__hagiographa_1	_has_part	__1_chronicles_1
__hagiographa_1	_has_part	__2_chronicles_1
__hagiographa_1	_has_part	__book_of_esther_1
__hagiographa_1	_has_part	__book_of_job_1
__hagiographa_1	_has_part	__book_of_lamentations_1
__hagiographa_1	_has_part	__book_of_daniel_1
__sericterium_1	_type_of	__gland_1
__sericterium_1	_part_of	__silkworm_1
__sericterium_1	_part_of	__giant_silkworm_1
__family_platanistidae_1	_type_of	__mammal_family_1
__family_platanistidae_1	_member_holonym	__odontoceti_1
__nidulariales_1	_member_meronym	__family_sphaerobolaceae_1
__flue_2	_type_of	__conduit_1
__flue_2	_has_instance	__chimney_2
__canicular_days_1	_type_of	__period_1
__canicular_days_1	_part_of	__summer_2
__chorion_1	_type_of	__sac_4
__chorion_1	_part_of	__amniote_1
__corn_6	_type_of	__whiskey_1
__corn_6	_has_instance	__bootleg_1
__australian_heath_1	_type_of	__bush_1
__australian_heath_1	_has_instance	__epacris_1
__diflunisal_1	_type_of	__nonsteroidal_anti_inflammatory_1
__reinforcement_5	_type_of	__approval_1
__reinforcement_5	_has_instance	__carrot_2
__book_7	_synset_domain_topic	__card_game_1
__erotica_1	_type_of	__creation_1
__family_hydrophidae_1	_member_holonym	__ophidia_1
__family_hydrophidae_1	_member_meronym	__sea_snake_1
__evening_clothes_1	_has_instance	__dinner_dress_1
__evening_clothes_1	_has_instance	__dress_suit_1
__discover_3	_has_instance	__catch_9
__discover_3	_has_instance	__discover_4
__dacrydium_colensoi_1	_type_of	__conifer_1
__dacrydium_colensoi_1	_member_holonym	__dacrydium_1
__pleased_1	_similar_to	__chuffed_1
__cephalic_vein_1	_type_of	__vein_2
__engine_3	_type_of	__self_propelled_vehicle_1
__engine_3	_has_instance	__diesel_locomotive_1
__engine_3	_has_part	__footplate_1
__engine_3	_has_instance	__steam_locomotive_1
__batoidei_1	_type_of	__animal_order_1
__batoidei_1	_member_meronym	__family_pristidae_1
__batoidei_1	_member_meronym	__dasyatidae_1
__batoidei_1	_member_meronym	__family_myliobatidae_1
__batoidei_1	_member_meronym	__family_mobulidae_1
__drift_14	_type_of	__passageway_1
__drift_14	_synset_domain_topic	__excavation_4
__benchley_1	_subordinate_instance_of	__humorist_1
__benchley_1	_subordinate_instance_of	__author_1
__clean_up_1	_type_of	__order_5
__clean_up_1	_has_instance	__clean_2
__botaurus_1	_member_meronym	__american_bittern_1
__botaurus_1	_member_meronym	__botaurus_stellaris_1
__athletic_supporter_1	_type_of	__protective_garment_1
__athletic_supporter_1	_type_of	__man_s_clothing_1
__pour_4	_type_of	__course_1
__pour_4	_has_instance	__gush_1
__fan_jet_1	_part_of	__fan_jet_1
__fan_jet_1	_has_part	__gas_turbine_1
__gymnosperm_genus_1	_type_of	__genus_2
__gymnosperm_genus_1	_member_holonym	__class_gymnospermae_1
__gymnosperm_genus_1	_has_instance	__genus_gnetum_1
__gymnosperm_genus_1	_has_instance	__genus_welwitchia_1
__gymnosperm_genus_1	_has_instance	__cycas_1
__gymnosperm_genus_1	_has_instance	__genus_ceratozamia_1
__gymnosperm_genus_1	_has_instance	__genus_dioon_1
__gymnosperm_genus_1	_has_instance	__genus_encephalartos_1
__gymnosperm_genus_1	_has_instance	__bennettitis_1
__gymnosperm_genus_1	_has_instance	__genus_lyginopteris_1
__gymnosperm_genus_1	_has_instance	__cordaites_1
__gymnosperm_genus_1	_has_instance	__genus_pinus_1
__gymnosperm_genus_1	_has_instance	__genus_larix_1
__gymnosperm_genus_1	_has_instance	__abies_1
__gymnosperm_genus_1	_has_instance	__cedrus_1
__gymnosperm_genus_1	_has_instance	__genus_picea_1
__gymnosperm_genus_1	_has_instance	__genus_tsuga_1
__gymnosperm_genus_1	_has_instance	__genus_cathaya_1
__gymnosperm_genus_1	_has_instance	__athrotaxis_1
__gymnosperm_genus_1	_has_instance	__austrocedrus_1
__gymnosperm_genus_1	_has_instance	__chamaecyparis_1
__gymnosperm_genus_1	_has_instance	__cryptomeria_1
__gymnosperm_genus_1	_has_instance	__genus_juniperus_1
__gymnosperm_genus_1	_has_instance	__genus_libocedrus_1
__gymnosperm_genus_1	_has_instance	__genus_metasequoia_1
__gymnosperm_genus_1	_has_instance	__genus_sequoia_1
__gymnosperm_genus_1	_has_instance	__genus_taxodium_1
__gymnosperm_genus_1	_has_instance	__genus_tetraclinis_1
__gymnosperm_genus_1	_has_instance	__genus_thuja_1
__gymnosperm_genus_1	_has_instance	__genus_thujopsis_1
__gymnosperm_genus_1	_has_instance	__agathis_1
__gymnosperm_genus_1	_has_instance	__cephalotaxus_1
__gymnosperm_genus_1	_has_instance	__genus_torreya_1
__gymnosperm_genus_1	_has_instance	__genus_podocarpus_1
__gymnosperm_genus_1	_has_instance	__afrocarpus_1
__gymnosperm_genus_1	_has_instance	__dacrycarpus_1
__gymnosperm_genus_1	_has_instance	__falcatifolium_1
__gymnosperm_genus_1	_has_instance	__genus_lepidothamnus_1
__gymnosperm_genus_1	_has_instance	__genus_parasitaxus_1
__gymnosperm_genus_1	_has_instance	__genus_prumnopitys_1
__gymnosperm_genus_1	_has_instance	__genus_retrophyllum_1
__gymnosperm_genus_1	_has_instance	__genus_saxe_gothea_1
__gymnosperm_genus_1	_has_instance	__genus_sciadopitys_1
__gymnosperm_genus_1	_has_instance	__genus_pseudotaxus_1
__gymnosperm_genus_1	_has_instance	__genus_ginkgo_1
__genus_pickeringia_1	_member_holonym	__papilionoideae_1
__genus_pickeringia_1	_member_meronym	__chaparral_pea_1
__akvavit_1	_type_of	__booze_2
__amboyna_1	_type_of	__tree_5
__cervidae_1	_member_holonym	__ruminantia_1
__cervidae_1	_member_meronym	__cervid_1
__cervidae_1	_member_meronym	__cervus_1
__cervidae_1	_member_meronym	__genus_odocoileus_1
__cervidae_1	_member_meronym	__alces_1
__cervidae_1	_member_meronym	__dama_1
__cervidae_1	_member_meronym	__capreolus_1
__cervidae_1	_member_meronym	__genus_rangifer_1
__cervidae_1	_member_meronym	__genus_mazama_1
__cervidae_1	_member_meronym	__genus_muntiacus_1
__cervidae_1	_member_meronym	__genus_moschus_1
__rubber_3	_type_of	__synthetic_1
__market_1	_type_of	__deal_6
__aerophyte_1	_type_of	__flora_2
__aerophyte_1	_has_instance	__clusia_insignis_1
__aerophyte_1	_has_instance	__black_moss_1
__aerophyte_1	_has_instance	__aeschynanthus_1
__aerophyte_1	_has_instance	__strangler_1
__genus_krypterophaneron_1	_type_of	__fish_genus_1
__genus_krypterophaneron_1	_member_holonym	__anomalopidae_1
__beefy_1	_similar_to	__robust_1
__afters_1	_has_instance	__ambrosia_1
__afters_1	_has_instance	__charlotte_1
__afters_1	_has_instance	__frozen_dessert_1
__afters_1	_has_instance	__trifle_4
__aegypius_1	_member_meronym	__aegypius_monachus_1
__traffic_4	_type_of	__commerce_1
__traffic_4	_has_instance	__barratry_1
__genus_barosaurus_1	_type_of	__reptile_genus_1
__genus_barosaurus_1	_member_meronym	__barosaur_1
__cover_6	_has_instance	__crisscross_1
__cover_6	_has_instance	__ford_1
__cover_6	_has_instance	__drive_12
__cover_6	_has_instance	__course_1
__citrus_sinensis_1	_type_of	__orange_3
__citrus_sinensis_1	_has_part	__sweet_orange_1
__rationalise_4	_type_of	__alter_1
__rationalise_4	_synset_domain_topic	__math_1
__accelerator_1	_type_of	__foot_lever_1
__accelerator_1	_part_of	__auto_1
__accelerator_1	_part_of	__aeroplane_1
__astroglia_1	_type_of	__glia_1
__oenanthe_aquatica_1	_type_of	__poisonous_plant_1
__oenanthe_aquatica_1	_member_holonym	__genus_oenanthe_1
__gum_plant_1	_type_of	__herb_1
__gum_plant_1	_member_holonym	__genus_grindelia_1
__empale_1	_type_of	__pierce_3
__absorb_4	_has_instance	__mop_1
__accompaniment_2	_type_of	__part_16
__accompaniment_2	_has_instance	__descant_1
__prodigy_1	_type_of	__brain_4
__prodigy_1	_has_instance	__child_prodigy_1
__prodigy_1	_has_instance	__girl_wonder_1
__capella_1	_subordinate_instance_of	__giant_7
__capella_1	_member_holonym	__auriga_1
__clostridial_myonecrosis_1	_type_of	__gangrene_1
__clostridial_myonecrosis_1	_synset_domain_topic	__pathology_1
__order_ranales_1	_member_holonym	__magnoliidae_1
__order_ranales_1	_member_meronym	__annonaceae_1
__order_ranales_1	_member_meronym	__barberry_family_1
__order_ranales_1	_member_meronym	__calycanthaceae_1
__order_ranales_1	_member_meronym	__family_lardizabalaceae_1
__order_ranales_1	_member_meronym	__family_lauraceae_1
__order_ranales_1	_member_meronym	__family_menispermaceae_1
__order_ranales_1	_member_meronym	__family_nymphaeaceae_1
__order_ranales_1	_member_meronym	__family_paeoniaceae_1
__bed_2	_has_instance	__bed_down_1
__cariama_cristata_1	_type_of	__wader_1
__cariama_cristata_1	_member_holonym	__cariama_1
__gong_1	_type_of	__percussion_instrument_1
__genus_megapodius_1	_type_of	__bird_genus_1
__genus_megapodius_1	_member_holonym	__family_megapodiidae_1
__genus_sesamum_1	_type_of	__plant_genus_1
__genus_sesamum_1	_member_holonym	__family_pedaliaceae_1
__genus_sesamum_1	_member_meronym	__benne_1
__farewell_2	_type_of	__departure_1
__princeton_2	_part_of	__princeton_1
__princeton_2	_member_holonym	__ivy_league_1
__branchiopod_1	_has_instance	__daphnia_1
__branchiopod_1	_has_instance	__fairy_shrimp_1
__branchiopod_1	_has_instance	__artemia_salina_1
__branchiopod_1	_has_instance	__tadpole_shrimp_1
__rhizopod_1	_has_instance	__ameba_1
__rhizopod_1	_has_instance	__foram_1
__rhizopod_1	_has_instance	__testacean_1
__birdlime_1	_type_of	__adhesive_1
__bryozoan_1	_member_holonym	__bryozoa_1
__balloon_1	_type_of	__expand_2
__metastability_1	_type_of	__constancy_1
__metastability_1	_synset_domain_topic	__natural_philosophy_1
__gnaeus_pompeius_magnus_1	_subordinate_instance_of	__full_general_1
__gnaeus_pompeius_magnus_1	_subordinate_instance_of	__national_leader_1
__malpighian_layer_1	_type_of	__stratum_1
__malpighian_layer_1	_part_of	__cuticle_1
__clan_member_1	_type_of	__member_1
__clan_member_1	_member_holonym	__clan_1
__handling_2	_type_of	__direction_4
__handling_2	_has_instance	__bioremediation_1
__typewriter_paper_1	_type_of	__writing_paper_1
__typewriter_paper_1	_has_instance	__flimsy_1
__dragoon_1	_type_of	__coerce_1
__conclusion_7	_has_instance	__call_26
__conclusion_7	_has_instance	__move_16
__limicoline_bird_1	_has_instance	__plover_1
__limicoline_bird_1	_has_instance	__woodcock_1
__limicoline_bird_1	_has_instance	__snipe_4
__limicoline_bird_1	_has_instance	__curlew_1
__limicoline_bird_1	_has_instance	__godwit_1
__limicoline_bird_1	_has_instance	__australian_stilt_1
__limicoline_bird_1	_has_instance	__oyster_catcher_1
__limicoline_bird_1	_has_instance	__phalarope_1
__limicoline_bird_1	_has_instance	__glareole_1
__limicoline_bird_1	_has_instance	__courser_3
__limicoline_bird_1	_has_instance	__burhinus_oedicnemus_1
__ictonyx_frenata_1	_type_of	__muishond_1
__ictonyx_frenata_1	_member_holonym	__genus_ictonyx_1
__genus_tunga_1	_member_holonym	__order_siphonaptera_1
__genus_tunga_1	_member_meronym	__chigger_1
__cornaceae_1	_type_of	__rosid_dicot_family_1
__cornaceae_1	_member_meronym	__aucuba_1
__cornaceae_1	_member_meronym	__cornus_1
__cornaceae_1	_member_meronym	__corokia_1
__cornaceae_1	_member_meronym	__curtisia_1
__cornaceae_1	_member_meronym	__genus_helwingia_1
__gymslip_1	_type_of	__tunic_2
__drill_6	_type_of	__grooming_1
__drill_6	_has_instance	__manual_2
__drill_6	_has_instance	__rehearsal_2
__drill_6	_has_instance	__dry_run_1
__drill_6	_has_instance	__brushup_1
__drill_6	_has_instance	__scrimmage_2
__go_1	_has_instance	__carry_22
__go_1	_has_instance	__float_5
__go_1	_has_instance	__fly_3
__go_1	_has_instance	__come_4
__go_1	_has_instance	__ghost_1
__go_1	_has_instance	__raft_1
__go_1	_has_instance	__cruise_2
__go_1	_has_instance	__journey_2
__go_1	_has_instance	__come_1
__go_1	_has_instance	__cast_4
__go_1	_has_instance	__forge_1
__go_1	_has_instance	__glide_1
__go_1	_has_instance	__bounce_3
__go_1	_has_instance	__be_adrift_1
__go_1	_has_instance	__float_2
__go_1	_has_instance	__walk_1
__go_1	_has_instance	__circle_1
__go_1	_has_instance	__drift_2
__go_1	_has_instance	__step_1
__go_1	_has_instance	__drive_1
__go_1	_has_instance	__fly_1
__go_1	_has_instance	__steam_1
__go_1	_has_instance	__tram_1
__go_1	_has_instance	__ferry_2
__go_1	_has_instance	__caravan_1
__go_1	_has_instance	__swim_1
__go_1	_has_instance	__arise_5
__go_1	_has_instance	__come_down_1
__go_1	_has_instance	__fall_1
__go_1	_has_instance	__crank_1
__go_1	_has_instance	__draw_back_1
__go_1	_has_instance	__continue_4
__go_1	_has_instance	__back_1
__go_1	_has_instance	__pan_1
__go_1	_has_instance	__follow_1
__go_1	_has_instance	__lead_11
__go_1	_has_instance	__follow_20
__go_1	_has_instance	__derail_1
__go_1	_has_instance	__accompany_2
__go_1	_has_instance	__billow_2
__go_1	_has_instance	__circle_2
__go_1	_has_instance	__angle_1
__go_1	_has_instance	__go_across_1
__go_1	_has_instance	__go_by_2
__go_1	_has_instance	__hurry_1
__go_1	_has_instance	__drive_11
__go_1	_has_instance	__lance_1
__go_1	_has_instance	__draw_2
__go_1	_has_instance	__pace_1
__go_1	_has_instance	__fall_3
__go_1	_has_instance	__drag_2
__go_1	_has_instance	__beetle_2
__reenforcement_2	_type_of	__military_operation_1
__reenforcement_2	_synset_domain_topic	__armed_forces_1
__cozen_1	_type_of	__victimise_1
__cozen_1	_has_instance	__flim_flam_1
__cozen_1	_has_instance	__betray_4
__jobber_1	_type_of	__distributer_1
__calystegia_sepium_1	_type_of	__bindweed_1
__calystegia_sepium_1	_member_holonym	__calystegia_1
__platonism_1	_type_of	__philosophical_doctrine_1
__platonism_1	_synset_domain_topic	__philosophy_2
__budget_1	_type_of	__fund_6
__budget_1	_has_instance	__civil_list_1
__budget_1	_has_instance	__operating_budget_1
__peter_1	_subordinate_instance_of	__apostle_2
__peter_1	_subordinate_instance_of	__saint_3
__birth_3	_type_of	__alteration_1
__birth_3	_has_instance	__rebirth_2
__blackleg_1	_type_of	__do_work_1
__breathing_apparatus_1	_type_of	__device_1
__breathing_apparatus_1	_has_instance	__oxygen_mask_1
__noradrenaline_1	_type_of	__monoamine_neurotransmitter_1
__cut_15	_type_of	__do_away_with_1
__charge_6	_type_of	__accuse_1
__lemuroidea_1	_member_holonym	__order_primates_1
__lemuroidea_1	_member_meronym	__lemur_1
__bob_2	_type_of	__coif_2
__musketeer_1	_type_of	__foot_soldier_1
__musketeer_1	_member_holonym	__musketry_1
__thysanuran_insect_1	_type_of	__insect_1
__thysanuran_insect_1	_has_instance	__lepisma_saccharina_1
__thysanuran_insect_1	_has_instance	__jumping_bristletail_1
__blaze_3	_type_of	__brightness_1
__austrian_capital_1	_subordinate_instance_of	__national_capital_1
__austrian_capital_1	_part_of	__austria_1
__austrian_capital_1	_domain_topic	__schnitzel_1
__bloodwood_tree_1	_type_of	__blackwood_1
__time_off_1	_has_instance	__leisure_1
__elaboration_3	_type_of	__discourse_5
__float_10	_type_of	__artefact_1
__float_10	_has_instance	__bob_4
__float_10	_has_instance	__pontoon_2
__limenitis_camilla_1	_member_holonym	__genus_limenitis_1
__prison_term_1	_has_instance	__hard_time_1
__prison_term_1	_has_instance	__life_3
__button_fern_1	_member_holonym	__genus_pellaea_1
__golden_aster_1	_member_holonym	__chrysopsis_1
__entice_1	_type_of	__provoke_3
__entice_1	_has_instance	__decoy_1
__entice_1	_has_instance	__bait_2
__metabolism_1	_type_of	__biological_process_1
__metabolism_1	_has_instance	__holometabolism_1
__fortunella_1	_type_of	__rosid_dicot_genus_1
__fortunella_1	_member_meronym	__fortunella_japonica_1
__family_rhizobiaceae_1	_type_of	__bacteria_family_1
__family_rhizobiaceae_1	_member_meronym	__genus_rhizobium_1
__family_rhizobiaceae_1	_member_meronym	__agrobacterium_1
__genus_polistes_1	_member_holonym	__family_vespidae_1
__unskillfulness_1	_has_instance	__awkwardness_1
__cerebral_cortex_1	_type_of	__neural_structure_1
__cerebral_cortex_1	_part_of	__cerebrum_1
__cerebral_cortex_1	_has_part	__cortical_area_1
__cerebral_cortex_1	_has_part	__frontal_lobe_1
__cerebral_cortex_1	_has_part	__prefrontal_lobe_1
__cerebral_cortex_1	_has_part	__parietal_lobe_1
__cerebral_cortex_1	_has_part	__occipital_lobe_1
__cerebral_cortex_1	_has_part	__temporal_lobe_1
__sloth_2	_type_of	__edentate_1
__sloth_2	_has_instance	__ai_2
__sloth_2	_has_instance	__choloepus_didactylus_1
__sloth_2	_has_instance	__choloepus_hoffmanni_1
__electronic_jamming_1	_type_of	__ecm_1
__enceliopsis_nudicaulis_1	_type_of	__wild_flower_1
__enceliopsis_nudicaulis_1	_member_holonym	__enceliopsis_1
__cozen_1	_has_instance	__hoax_1
__plains_spadefoot_1	_type_of	__spadefoot_1
__plains_spadefoot_1	_member_holonym	__genus_scaphiopus_1
__gray_matter_1	_type_of	__nerve_tissue_1
__gray_matter_1	_part_of	__cerebral_cortex_1
__mugil_cephalus_1	_member_holonym	__genus_mugil_1
__black_footed_albatross_1	_type_of	__albatross_2
__black_footed_albatross_1	_member_holonym	__genus_diomedea_1
__blowup_2	_type_of	__expression_2
__bourgeois_1	_type_of	__capitalist_2
__bourgeois_1	_has_instance	__accountant_1
__bourgeois_1	_has_instance	__agent_3
__bourgeois_1	_has_instance	__businessman_1
__bourgeois_1	_has_instance	__enterpriser_1
__overabundance_2	_type_of	__abundance_1
__buccinidae_1	_type_of	__mollusk_family_1
__buccinidae_1	_member_holonym	__class_gasteropoda_1
__buccinidae_1	_member_meronym	__whelk_3
__family_orchidaceae_1	_member_meronym	__orchid_1
__family_orchidaceae_1	_member_meronym	__genus_orchis_1
__family_orchidaceae_1	_member_meronym	__genus_aerides_1
__family_orchidaceae_1	_member_meronym	__angraecum_1
__family_orchidaceae_1	_member_meronym	__anoectochilus_1
__family_orchidaceae_1	_member_meronym	__aplectrum_1
__family_orchidaceae_1	_member_meronym	__genus_arethusa_1
__family_orchidaceae_1	_member_meronym	__genus_bletia_1
__family_orchidaceae_1	_member_meronym	__genus_brassavola_1
__family_orchidaceae_1	_member_meronym	__genus_calanthe_1
__family_orchidaceae_1	_member_meronym	__calopogon_1
__family_orchidaceae_1	_member_meronym	__genus_calypso_1
__family_orchidaceae_1	_member_meronym	__genus_cattleya_1
__family_orchidaceae_1	_member_meronym	__cleistes_1
__family_orchidaceae_1	_member_meronym	__coeloglossum_1
__family_orchidaceae_1	_member_meronym	__genus_coelogyne_1
__family_orchidaceae_1	_member_meronym	__corallorhiza_1
__family_orchidaceae_1	_member_meronym	__coryanthes_1
__family_orchidaceae_1	_member_meronym	__cycnoches_1
__family_orchidaceae_1	_member_meronym	__cypripedium_1
__family_orchidaceae_1	_member_meronym	__dactylorhiza_1
__family_orchidaceae_1	_member_meronym	__genus_dendrobium_1
__family_orchidaceae_1	_member_meronym	__genus_disa_1
__family_orchidaceae_1	_member_meronym	__dryadella_1
__family_orchidaceae_1	_member_meronym	__eburophyton_1
__family_orchidaceae_1	_member_meronym	__epidendrum_1
__family_orchidaceae_1	_member_meronym	__epipactis_1
__family_orchidaceae_1	_member_meronym	__genus_grammatophyllum_1
__family_orchidaceae_1	_member_meronym	__genus_gymnadenia_1
__family_orchidaceae_1	_member_meronym	__genus_gymnadeniopsis_1
__family_orchidaceae_1	_member_meronym	__genus_hexalectris_1
__family_orchidaceae_1	_member_meronym	__genus_liparis_1
__family_orchidaceae_1	_member_meronym	__genus_malaxis_1
__family_orchidaceae_1	_member_meronym	__genus_masdevallia_1
__family_orchidaceae_1	_member_meronym	__genus_maxillaria_1
__family_orchidaceae_1	_member_meronym	__genus_miltonia_1
__family_orchidaceae_1	_member_meronym	__genus_odontoglossum_1
__family_orchidaceae_1	_member_meronym	__genus_oncidium_1
__family_orchidaceae_1	_member_meronym	__genus_paphiopedilum_1
__family_orchidaceae_1	_member_meronym	__genus_pholidota_1
__family_orchidaceae_1	_member_meronym	__genus_phragmipedium_1
__family_orchidaceae_1	_member_meronym	__genus_plectorrhiza_1
__family_orchidaceae_1	_member_meronym	__genus_pogonia_1
__family_orchidaceae_1	_member_meronym	__genus_psychopsis_1
__family_orchidaceae_1	_member_meronym	__genus_pterostylis_1
__family_orchidaceae_1	_member_meronym	__genus_rhyncostylis_1
__family_orchidaceae_1	_member_meronym	__genus_sarcochilus_1
__family_orchidaceae_1	_member_meronym	__genus_scaphosepalum_1